Year,Date,MaxTemperatureC
1926,1926/8/16,33.6
1927,1927/8/19,33.9
1928,1928/7/30,33.7
1929,1929/7/8,33.4
1930,1930/7/1,33.8
1931,1931/8/25,34.4
1932,1932/8/15,32.7
1933,1933/7/29,33.9
1934,1934/7/18,33.9
1935,1935/8/24,33.7
1936,1936/6/6,33.6
1937,1937/8/2,33.9
1938,1938/7/1,34.4
1939,1939/7/13,34.4
1939,1939/7/14,34.4
1947,1947/8/29,34.9
1948,1948/9/1,33.4
1948,1948/9/2,33.4
1949,1949/7/25,33.5
1950,1950/7/22,33.8
1951,1951/7/31,33.6
1952,1952/6/1,33.3
1953,1953/8/8,34
1954,1954/8/28,34.9
1955,1955/9/13,33.5
1956,1956/8/1,34.3
1956,1956/8/2,34.3
1957,1957/8/14,34.2
1958,1958/7/16,34.9
1959,1959/7/14,33.4
1959,1959/7/15,33.4
1960,1960/8/22,35.4
1961,1961/7/1,34.2
1962,1962/8/31,35.5
1963,1963/6/1,35.6
1964,1964/8/7,33.9
1965,1965/7/8,33.4
1965,1965/8/22,33.4
1966,1966/8/15,34.7
1967,1967/5/25,34.4
1968,1968/7/25,35.7
1969,1969/9/9,34.7
1970,1970/7/7,33.6
1971,1971/6/16,33.7
1971,1971/7/21,33.7
1971,1971/8/31,33.7
1972,1972/7/23,34.7
1973,1973/6/20,33.1
1973,1973/7/1,33.1
1974,1974/8/20,34.3
1975,1975/9/22,33.9
1976,1976/5/26,35.2
1977,1977/8/24,34.9
1978,1978/7/22,34.2
1979,1979/7/5,33.8
1980,1980/7/10,35
1981,1981/7/17,33.3
1981,1981/8/21,33.3
1981,1981/8/26,33.3
1982,1982/7/29,34.8
1983,1983/9/28,33.9
1984,1984/8/29,34.4
1985,1985/8/5,33
1985,1985/8/7,33
1986,1986/7/10,34.8
1987,1987/7/13,34.2
1988,1988/7/9,33.8
1989,1989/8/17,34.3
1990,1990/8/18,36.1
1991,1991/7/19,34.5
1992,1992/8/30,35
1993,1993/7/10,33.5
1993,1993/7/29,33.5
1994,1994/7/11,34.1
1995,1995/5/30,34.2
1996,1996/7/26,34.3
1997,1997/7/30,33.2
1997,1997/8/18,33.2
1998,1998/8/3,34.4
1999,1999/8/21,35.1
2000,2000/6/5,34.2
2001,2001/8/23,34
2002,2002/7/5,33.6
2003,2003/8/3,33.7
2004,2004/7/1,34.6
2005,2005/7/19,35.4
2006,2006/7/13,34
2007,2007/8/3,35.3
2008,2008/7/28,34.6
2009,2009/8/3,34.9
2010,2010/9/1,34.1
2011,2011/8/7,35
2012,2012/8/28,34.5
2013,2013/8/12,34.9
2014,2014/8/1,34.6
2015,2015/8/8,36.3
2016,2016/7/9,35.6
2017,2017/8/22,36.6
2018,2018/5/30,35.4
2019,2019/8/9,35.1
2020,2020/7/23,35.3
2021,2021/5/23,36.1
2022,2022/7/24,36.1
2023,2023/7/27,36.1
2024,2024/9/17,35.7
2025,2025/6/10,35.6
2026,2026/8/9,36.9
